--
-- PostgreSQL database dump
--

-- Dumped from database version 16.1
-- Dumped by pg_dump version 16.1

SET statement_timeout = 0;
SET lock_timeout = 0;
SET idle_in_transaction_session_timeout = 0;
SET client_encoding = 'UTF8';
SET standard_conforming_strings = on;
SELECT pg_catalog.set_config('search_path', '', false);
SET check_function_bodies = false;
SET xmloption = content;
SET client_min_messages = warning;
SET row_security = off;

--
-- Name: foods; Type: SCHEMA; Schema: -; Owner: postgres
--

CREATE SCHEMA foods;


ALTER SCHEMA foods OWNER TO postgres;

--
-- Name: tablefunc; Type: EXTENSION; Schema: -; Owner: -
--

CREATE EXTENSION IF NOT EXISTS tablefunc WITH SCHEMA foods;


--
-- Name: EXTENSION tablefunc; Type: COMMENT; Schema: -; Owner: 
--

COMMENT ON EXTENSION tablefunc IS 'functions that manipulate whole tables, including crosstab';


SET default_tablespace = '';

SET default_table_access_method = heap;

--
-- Name: food; Type: TABLE; Schema: foods; Owner: postgres
--

CREATE TABLE foods.food (
    fdc_id integer NOT NULL,
    description text,
    food_category_id integer,
    food_kind text
);


ALTER TABLE foods.food OWNER TO postgres;

--
-- Name: food_nutrient; Type: TABLE; Schema: foods; Owner: postgres
--

CREATE TABLE foods.food_nutrient (
    id integer NOT NULL,
    fdc_id integer,
    nutrient_id integer,
    amount double precision
);


ALTER TABLE foods.food_nutrient OWNER TO postgres;

--
-- Name: nutrient; Type: TABLE; Schema: foods; Owner: postgres
--

CREATE TABLE foods.nutrient (
    id integer NOT NULL,
    name text,
    unit_name text
);


ALTER TABLE foods.nutrient OWNER TO postgres;

--
-- Data for Name: food; Type: TABLE DATA; Schema: foods; Owner: postgres
--

COPY foods.food (fdc_id, description, food_category_id, food_kind) FROM stdin;
2346397	Whole Grain, Steel Cut	20	Oats
2346398	Raw	9	Pineapple
2346399	Sweet, Dark Red, Raw	9	Cherries
2346400	Snap, Green, Raw	11	Beans
2346401	Russet, Without Skin, Raw	11	Potatoes
2346402	Red, Without Skin, Raw	11	Potatoes
2346403	Gold, Without Skin, Raw	11	Potatoes
2346404	Orange Flesh, Without Skin, Raw	11	Sweet potatoes
2346405	Raw	11	Celery
2346406	With Peel, Raw	11	Cucumber
2346407	Green, Raw	11	Cabbage
2346408	Red, Raw	11	Cabbage
323121	Beef, Unheated	7	Frankfurter
323604	Whole, Raw, Frozen, Pasteurized	1	Egg
323697	White, Raw, Frozen, Pasteurized	1	Egg
329716	Yolk, Dried	1	Egg
332397	Sliced, Pre-Packaged, Deli Meat (96%Fat Free, Water Added)	7	Ham
746771	Raw, Navels	9	Oranges
746773	Raw, Bartlett	9	Pears
746952	Sliced, Restaurant	10	Ham
321358	Commercial	16	Hummus
321360	Grape, Raw	11	Tomatoes
747429	American, Restaurant	1	Cheese
321611	Snap, Green, Canned, Regular Pack, Drained Solids	11	Beans
747693	Restaurant	11	Ketchup
747997	Grade A, Large, Egg White	1	Eggs
748236	Grade A, Large, Egg Yolk	1	Eggs
748967	Grade A, Large, Egg Whole	1	Eggs
323294	Almonds, Dry Roasted, With Salt Added	12	Nuts
323505	Raw	11	Kale
323793	White, Dried	1	Egg
324317	Breaded, Par Fried, Frozen, Prepared, Heated In Oven	11	Onion rings
324653	Cucumber, Dill Or Kosher Dill	11	Pickles
324860	Smooth Style, With Salt	16	Peanut butter
325036	Parmesan, Grated	1	Cheese
325198	Pasteurized Process, American, Vitamin D Fortified	1	Cheese
325287	White, Canned Or Bottled, Unsweetened	9	Grapefruit juice
325430	Yellow, Raw	9	Peaches
325524	Sunflower Seed Kernels, Dry Roasted, With Salt Added	12	Seeds
325871	White, Commercially Prepared	18	Bread
326196	Frozen, Cooked, Boiled, Drained, Without Salt	11	Kale
326458	Frozen, Unprepared (Includes Foods For Usda'S Food Distribution Program)	11	Carrots
326698	Prepared, Yellow	2	Mustard
327046	Green, Raw	9	Kiwifruit
327357	Raw	9	Nectarines
327501	Raw, Navels (Includes Foods For Usda'S Food Distribution Program)	9	Oranges
328637	Cheddar	1	Cheese
328841	Cottage, Lowfat, 2% Milkfat	1	Cheese
329370	Mozzarella, Low Moisture, Part-Skim	1	Cheese
329490	Whole, Dried	1	Egg
329596	Yolk, Raw, Frozen, Pasteurized	1	Egg
330137	Greek, Plain, Nonfat	1	Yogurt
330415	Greek, Strawberry, Nonfat	1	Yogurt
330458	Coconut	4	Oil
331897	Broilers Or Fryers, Drumstick, Meat Only, Cooked, Braised	5	Chicken
331960	Broiler Or Fryers, Breast, Skinless, Boneless, Meat Only, Cooked, Braised	5	Chicken
332282	Pasta, Spaghetti/Marinara, Ready-To-Serve	6	Sauce
332597	Raw, Bartlett (Includes Foods For Usda'S Food Distribution Program)	9	Pears
332791	Green, Manzanilla, Stuffed With Pimiento	9	Olives
333008	Oatmeal, Soft, With Raisins	18	Cookies
333281	Canned, Red, Ripe, Diced	11	Tomatoes
333374	Haddock, Raw	15	Fish
333476	Pollock, Raw	15	Fish
334194	Tuna, Light, Canned In Water, Drained Solids	15	Fish
335240	Whole-Wheat, Commercially Prepared	18	Bread
746764	Frozen, Unprepared	11	Carrots
749420	Cured, Bacon, Cooked, Restaurant	10	Pork
789890	Wheat, All-Purpose, Enriched, Bleached	20	Flour
789951	Wheat, All-Purpose, Enriched, Unbleached	20	Flour
790085	Whole Wheat, Unenriched	20	Flour
790018	Wheat, All-Purpose, Unenriched, Unbleached	20	Flour
790146	Bread, White, Enriched, Unbleached	20	Flour
790214	Rice, White, Unenriched	20	Flour
790276	Corn, Yellow, Fine Meal, Enriched	20	Flour
790577	Red, Raw	11	Onions
790646	Yellow, Raw	11	Onions
1104647	Raw	11	Garlic
1104705	Soy, Defatted	16	Flour
1104766	Soy, Full-Fat	16	Flour
1104812	Rice, Brown	20	Flour
1104867	Rice, Glutinous	20	Flour
1104913	Pastry, Unenriched, Unbleached	20	Flour
1104962	White, Raw	11	Onions
2003586	00	20	Flour
2003587	Spelt, Whole Grain	20	Flour
2003588	Semolina, Coarse And Semi-Coarse	20	Flour
2003589	Semolina, Fine	20	Flour
2003590	With Added Vitamin C, From Concentrate, Shelf Stable	9	Apple juice
2003591	No Pulp, Not Fortified, From Concentrate, Refrigerated	9	Orange juice
2003592	Purple, With Added Vitamin C, From Concentrate, Shelf Stable	9	Grape juice
2003593	White, With Added Vitamin C, From Concentrate, Shelf Stable	9	Grape juice
2003594	Not Fortified, From Concentrate, Shelf Stable	9	Cranberry juice
2003595	Red, Not Fortified, Not From Concentrate, Refrigerated	9	Grapefruit juice
2003596	With Added Ingredients, From Concentrate, Shelf Stable	11	Tomato juice
2003597	No Pulp, Not Fortified, Not From Concentrate, Refrigerated	9	Orange juice
2003598	Portabella	11	Mushroom
2003599	King Oyster	11	Mushroom
2003600	Enoki	11	Mushroom
2003601	Crimini	11	Mushroom
2003602	Maitake	11	Mushroom
2003603	Beech	11	Mushroom
2003604	Pioppini	11	Mushroom
2257044	Sweetened, Plain, Refrigerated	16	Soy milk
2257045	Unsweetened, Plain, Refrigerated	14	Almond milk
2257046	Unsweetened, Plain, Refrigerated	14	Oat milk
2258586	Mature, Raw	11	Carrots
2258587	Baby, Raw	11	Carrots
2258588	Bell, Green, Raw	11	Peppers
2258589	Bell, Yellow, Raw	11	Peppers
2258590	Bell, Red, Raw	11	Peppers
2258591	Bell, Orange, Raw	11	Peppers
2259792	Low Fat	1	Buttermilk
2259793	Plain, Whole Milk	1	Yogurt
2259794	Greek, Plain, Whole Milk	1	Yogurt
2259795	Parmesan, Grated, Refrigerated	1	Cheese
2259796	Feta, Whole Milk, Crumbled	1	Cheese
2261420	Almond	12	Flour
2261421	Oat, Whole Grain	20	Flour
2261422	Potato	11	Flour
2262072	Creamy	16	Peanut butter
2262073	Creamy	12	Sesame butter
2262074	Creamy	12	Almond butter
2262075	Ground	12	Flaxseed
2346384	Full Fat, Large Or Small Curd	1	Cottage cheese
2346385	Full Fat, Block	1	Cream cheese
2346386	Heavy	1	Cream
2346387	Sour, Full Fat	1	Cream
2346388	Iceberg, Raw	11	Lettuce
2346389	Romaine, Green, Raw	11	Lettuce
2346390	Leaf, Red, Raw	11	Lettuce
2346391	Leaf, Green, Raw	11	Lettuce
2346392	Pine Nuts, Raw	12	Nuts
2346393	Almonds, Whole, Raw	12	Nuts
2346394	Walnuts, English, Halves, Raw	12	Nuts
2346395	Pecans, Halves, Raw	12	Nuts
2346396	Whole Grain, Rolled, Old Fashioned	20	Oats
2512371	Amaranth	20	Flour
2512372	Quinoa	20	Flour
2512373	Sorghum	20	Flour
2512374	Buckwheat	20	Flour
2512375	Rye	20	Flour
2512376	Barley	20	Flour
2512377	Cassava	11	Flour
2512378	Whole Grain	20	Buckwheat
2512379	Whole Grain	20	Millet
2512380	Brown, Long Grain, Unenriched, Raw	20	Rice
2512381	White, Long Grain, Unenriched, Raw	20	Rice
2514743	Ground, 90% Lean Meat / 10% Fat, Raw	13	Beef
2514744	Ground, 80% Lean Meat / 20% Fat, Raw	13	Beef
2514745	Ground, Raw	10	Pork
2514746	Ground, With Additives, Raw	5	Chicken
2514747	Ground, 93% Lean/ 7% Fat, Raw	5	Turkey
2515373	Brazilnuts, Raw	12	Nuts
2515374	Cashew Nuts, Raw	12	Nuts
2515375	Hazelnuts Or Filberts, Raw	12	Nuts
2515376	Raw	16	Peanuts
2515377	Chestnut	12	Flour
2515378	Macadamia Nuts, Raw	12	Nuts
2515379	Pistachio Nuts, Raw	12	Nuts
2515380	Pumpkin Seeds (Pepitas), Raw	12	Seeds
2515381	Sunflower Seed, Kernel, Raw	12	Seeds
2515382	Coconut	12	Flour
2644281	Cannellini, Dry	16	Beans
2644282	(Garbanzo Beans, Bengal Gram), Dry	16	Chickpeas
2644283	Dry	16	Lentils
2644284	Dry	16	Blackeye pea
2644285	Black, Canned, Sodium Added, Drained And Rinsed	16	Beans
2644286	Navy, Canned, Sodium Added, Drained And Rinsed	16	Beans
2644287	Cannellini, Canned, Sodium Added, Drained And Rinsed	16	Beans
2644288	Bengal Gram), Canned, Sodium Added, Drained And Rinsed	16	Chickpeas (garbanzo beans
2644289	Kidney, Dark Red, Canned, Sodium Added, Sugar Added, Drained And Rinsed	16	Beans
2644290	Kidney, Light Red, Canned, Sodium Added, Sugar Added, Drained And Rinsed	16	Beans
2644291	Green, Sweet, Canned, Sodium Added, Sugar Added, Drained And Rinsed	11	Peas
2644292	Pinto, Canned, Sodium Added, Drained And Rinsed	16	Beans
2644293	Canned, Sodium Added, Drained And Rinsed	16	Blackeye pea
2644294	Great Northern, Canned, Sodium Added, Drained And Rinsed	16	Beans
2646168	Loin, Boneless, Raw	10	Pork
2646169	Loin, Tenderloin, Boneless, Raw	10	Pork
2646170	Breast, Boneless, Skinless, Raw	5	Chicken
2646171	Thigh, Boneless, Skinless, Raw	5	Chicken
2646172	Ribeye, Steak, Boneless, Choice, Raw	13	Beef
2646173	Round, Top Round, Boneless, Choice, Raw	13	Beef
2646174	Chuck, Roast, Boneless, Choice, Raw	13	Beef
2646175	Flank, Steak, Boneless, Choice, Raw	13	Beef
2647437	Plain, Nonfat	1	Yogurt
2647438	Monterey Jack, Solid	1	Cheese
2647439	Pasteurized Process Cheese Food Or Product, American, Singles	1	Cheese
2647440	Provolone, Sliced	1	Cheese
2647441	Oaxaca, Solid	1	Cheese
2647442	Queso Fresco, Solid	1	Cheese
2647443	Cotija, Solid	1	Cheese
\.


--
-- Data for Name: food_nutrient; Type: TABLE DATA; Schema: foods; Owner: postgres
--

COPY foods.food_nutrient (id, fdc_id, nutrient_id, amount) FROM stdin;
2219788	321358	1008	229
2219740	321358	1003	7.35
2220034	321360	1008	27
2220031	321360	1003	0.83
2220543	321611	1003	1.04
2220533	321611	1008	21
2219825	321358	1085	16.1
2219786	321358	1004	17.1
2219787	321358	1005	14.9
13338510	321358	2047	243
13338412	321358	2048	229
2220032	321360	1005	5.51
2219986	321360	1004	0.63
13338494	321360	2047	31
13338396	321360	2048	27
2220532	321611	1005	4.11
2220531	321611	1004	0.39
13338489	321611	2047	24
13338391	321611	2048	20
2259098	331897	1004	5.95
2259150	331897	1085	5.23
2259099	331897	1005	0
13338545	331897	2047	149
13338447	331897	2048	156
8514443	746764	1085	0.33
8514368	746764	1004	0.47
8514411	746764	1005	7.92
13338511	746764	2047	39
13338413	746764	2048	37
2259605	331960	1085	3.05
2259525	331960	1005	0
2259524	331960	1004	3.24
13338548	331960	2047	158
13338450	331960	2048	166
8515094	746771	1005	11.8
8515073	746771	1004	0.15
13338500	746771	2047	52
13338402	746771	2048	47
8515293	746773	1004	0.16
8515294	746773	1005	15.1
13338501	746773	2047	63
13338403	746773	2048	57
2261047	332282	1004	1.48
2261099	332282	1085	1.05
2261048	332282	1005	8.05
13338495	332282	2047	51
13338397	332282	2048	45
2227751	323121	1003	11.7
2227686	323121	1008	314
2228481	323294	1008	620
2228493	323294	1003	20.4
31222705	2512371	2048	377.9609
31222704	2512371	2047	384.076
31222703	2512371	1005	68.7787
31222547	2512371	1004	6.236
31222709	2512372	2048	378.394015
31222708	2512372	2047	385.197
31222707	2512372	1005	69.52465
31222497	2512372	1004	6.601
31222713	2512373	2048	363.8590417
31222712	2512373	2047	374.93
31222711	2512373	1005	77.39123
31222522	2512373	1004	3.586
31222717	2512374	2048	334.3016028
31222716	2512374	2047	357.968
31222715	2512374	1005	75.01808
2261781	332397	1085	3.15
2261741	332397	1004	3.73
31222447	2512374	1004	2.484
31222721	2512375	2048	350.962038
31222720	2512375	2047	359.4
31222719	2512375	1005	77.1618
31222472	2512375	1004	1.908
31222725	2512376	2048	357.191828
31222724	2512376	2047	366.53
31222723	2512376	1005	77.39832
31222670	2512376	1004	2.45
31222729	2512377	2048	358.55706075
31222728	2512377	2047	357.369
31222727	2512377	1005	87.312975
2261742	332397	1005	0.27
13338547	332397	2047	101
13338449	332397	2048	106
31222695	2512377	1004	0.4938
31222733	2512378	2048	331.6005206
31222732	2512378	2047	356.135
31222731	2512378	1005	71.13066
31222620	2512378	1004	3.039
31222737	2512379	2048	380.6064975
31222736	2512379	2047	375.618
31222735	2512379	1005	74.44623
31222645	2512379	1004	4.194
31222741	2512380	2048	368.3584745
31222740	2512380	2047	365.518
31222739	2512380	1005	76.68795
31222562	2512380	1004	3.306
31222745	2512381	2048	369.637321
31222744	2512381	2047	358.705
31222743	2512381	1005	80.31315
31222586	2512381	1004	1.033
2229550	323505	1003	2.92
2229572	323505	1008	35
2229859	323604	1008	150
2229852	323604	1003	12.3
2230128	323697	1008	48
2230130	323697	1003	10.1
2262322	332597	1005	15.1
2262321	332597	1004	0.16
2230380	323793	1003	79.9
2230394	323793	1008	376
8518378	746952	1005	2.36
8518359	746952	1004	3.68
8518377	746952	1085	3.54
13338564	746952	2047	121
13338459	746952	2048	126
2263039	332791	1004	12.9
2263140	332791	1085	11.8
2263141	332791	1005	4.96
13338505	332791	2047	141
13338407	332791	2048	130
2232241	324317	1003	4.52
2232168	324317	1008	288
2233036	324653	1003	0.48
2233050	324653	1008	12
2264177	333008	1085	13.7
2264178	333008	1005	69.6
2264077	333008	1004	14.3
13338557	333008	2047	430
2234234	324860	1003	22.5
31223301	2514743	1004	12.85
31223363	2514743	1005	0
31223364	2514743	2047	184.8648
31223365	2514743	2048	190.134819
31223343	2514744	1004	19.44
31223367	2514744	1005	0
31223368	2514744	2047	242.61
31223369	2514744	2048	247.812675
2234281	324860	1008	597
31223357	2514745	1004	17.49
31223371	2514745	1005	0
31223372	2514745	2047	228.2728
31223373	2514745	2048	233.442059
31223315	2514746	1004	7.161
31223375	2514746	1005	0
31223376	2514746	2047	133.0498
31223377	2514746	2048	138.128494
31223329	2514747	1004	9.591
31223379	2514747	1005	0
31223380	2514747	2047	152.615
31223381	2514747	2048	157.5897
2264822	333281	1004	0.5
2264832	333281	1005	3.32
13338493	333281	2047	21
13338395	333281	2048	18
2235089	325036	1008	421
2235128	325036	1003	29.6
31224734	2515373	1004	57.43
31224742	2515373	1005	21.64216
31224743	2515373	2047	663.586
31224744	2515373	2048	620.950526
31224704	2515374	1004	38.86
31224746	2515374	1005	36.2887
31224747	2515374	2047	564.664
31224748	2515374	2048	533.47799
31224719	2515375	1004	53.49
31224750	2515375	1005	26.5012
31224751	2515375	2047	641.39
31224752	2515375	2048	602.39467
31224673	2515376	1004	43.28
31224754	2515376	1005	26.498
31224755	2515376	2047	588.332
31224756	2515376	2048	550.62181
31224760	2515377	2048	384.58086
31224689	2515377	1004	4.636
31224758	2515377	1005	80.45025
31224759	2515377	2047	384.672
31224643	2515378	1004	64.93
31224762	2515378	1005	24.0943
31224763	2515378	2047	711.89
31224764	2515378	2048	668.54428
31224658	2515379	1004	45.02
31224766	2515379	1005	27.6943
31224767	2515379	2047	597.98
31224768	2515379	2048	560.68798
31224613	2515380	1004	40.03
2235774	325198	1003	18
31224770	2515380	1005	18.6751
31224771	2515380	2047	554.602
31224772	2515380	2048	514.83917
31224628	2515381	1004	48.44
2235805	325198	1008	366
31224774	2515381	1005	24.5007
31224775	2515381	2047	609.456
31224776	2515381	2048	570.651
31224598	2515382	1004	15.28
31224778	2515382	1005	58.9025
31224779	2515382	2047	437.684
31224780	2515382	2048	423.62737
2265404	333374	1085	0.32
2265388	333374	1005	0
2265345	333374	1004	0.45
13338555	333374	2047	69
13338457	333374	2048	74
2236052	325287	1003	0.55
2236075	325287	1008	37
2236397	325430	1008	42
2236428	325430	1003	0.91
2236792	325524	1008	612
2236810	325524	1003	21
2265982	333476	1005	0
2265910	333476	1004	0.41
2265998	333476	1085	0.4
13338550	333476	2047	53
13338452	333476	2048	56
2227784	323121	1085	26
2227684	323121	1004	28
2227685	323121	1005	2.89
13338529	323121	2047	310
13338431	323121	2048	314
2238528	325871	1003	9.43
2238521	325871	1008	270
2228470	323294	1005	16.2
2228557	323294	1085	53.4
2228469	323294	1004	57.8
13338507	323294	2047	667
13338409	323294	2048	621
2240334	326196	1003	2.94
2240316	326196	1008	36
2229571	323505	1005	4.42
2229570	323505	1004	1.49
13338486	323505	2047	43
13338591	323505	2048	35
2240958	326458	1003	0.81
2240989	326458	1008	37
33293988	2644281	2048	336.59519
33293987	2644281	2047	345.223
33293986	2644281	1005	59.7955
33293892	2644281	1004	2.199
33293992	2644282	2048	371.99469
33293991	2644282	2047	382.998
33293990	2644282	1005	60.358
33293906	2644282	1004	6.274
33293996	2644283	2048	350.9328
33293995	2644283	2047	360.285
33293994	2644283	1005	62.17125
33293920	2644283	1004	1.925
33294000	2644284	2048	345.5703
33293999	2644284	2047	354.015
33293998	2644284	1005	61.836
33293934	2644284	1004	2.419
33293948	2644285	1004	1.273
33294002	2644285	1005	19.8135
33294003	2644285	2047	118.361
33294004	2644285	2048	115.28233
33293963	2644286	1004	1.398
33294006	2644286	1005	19.98325
33294007	2644286	2047	118.79
33294008	2644286	2048	115.82665
33293978	2644287	1004	1.169
33294010	2644287	1005	18.8185
33294011	2644287	2047	115.445
33294012	2644287	2048	112.0972
33293787	2644288	1004	3.096
33294014	2644288	1005	20.32025
33294015	2644288	2047	137.22
33294016	2644288	2048	132.972
2229858	323604	1005	0.91
33293802	2644289	1004	1.256
2229857	323604	1004	10.3
13338536	323604	2047	146
13338438	323604	2048	150
33294018	2644289	1005	21.03
33294019	2644289	2047	126.624
33294020	2644289	2048	123.17082
33293817	2644290	1004	1.299
33294022	2644290	1005	21.44675
33294023	2644290	2047	126.703
33294024	2644290	2048	123.51359
33293832	2644291	1004	1.153
33294026	2644291	1005	12.707625
33294027	2644291	2047	80.145
33294028	2644291	2048	77.798925
33293847	2644292	1004	1.266
33294030	2644292	1005	19.60025
33294031	2644292	2047	116.57
33294032	2644292	2048	113.59675
33293862	2644293	1004	1.296
33294034	2644293	1005	19.1659
33294035	2644293	2047	116.0276
33294036	2644293	2048	112.882483
33293877	2644294	1004	1.266
33294038	2644294	1005	19.32875
33294039	2644294	2047	116.834
33294040	2644294	2048	113.66287
2241684	326698	1003	4.25
2268179	334194	1005	0.08
2268217	334194	1085	0.6
2268126	334194	1004	0.94
2241721	326698	1008	61
2230126	323697	1004	0.16
2230127	323697	1005	0.74
13338554	323697	2047	45
13338456	323697	2048	48
13338552	334194	2047	85
13338454	334194	2048	90
2230393	323793	1005	6.02
2230392	323793	1004	0.65
13338556	323793	2047	350
13338458	323793	2048	376
2242728	327046	1003	1.06
2242732	327046	1008	58
8523955	747429	1085	26.6
8523933	747429	1004	31.1
8523956	747429	1005	6.35
13338565	747429	2047	375
13338460	747429	2048	373
2243584	327357	1003	1.06
2243546	327357	1008	39
2243980	327501	1008	47
2243939	327501	1003	0.91
2232271	324317	1085	12.6
2232166	324317	1004	14.4
2232167	324317	1005	36.3
13338515	324317	2047	293
13338417	324317	2048	289
33295320	2646168	2048	173.72307
33295319	2646168	2047	167.769
33295318	2646168	1005	-0.48175
33295184	2646168	1004	9.469
33295324	2646169	2048	125.02117
33295323	2646169	2047	119.039
33295322	2646169	1005	-0.59425
33295202	2646169	1004	3.899
33295328	2646170	2048	112.20227
33295327	2646170	2047	106.034
33295326	2646170	1005	-0.368
33295220	2646170	1004	1.934
33295332	2646171	2048	149.306475
33295331	2646171	2047	144.07
33295330	2646171	1005	-0.406
33295238	2646171	1004	7.916
33295336	2646172	2048	259.611425
33295335	2646172	2047	254.11
33295334	2646172	1005	-0.30625
33295256	2646172	1004	20.04
33295340	2646173	2048	146.43655
33295339	2646173	2047	140.635
33295338	2646173	1005	0.852
33295274	2646173	1004	5.703
33295344	2646174	2048	237.096894
33295343	2646174	2047	231.7048
33295342	2646174	1005	-0.5238
33295292	2646174	1004	17.8
33295348	2646175	2048	169.562744
33295347	2646175	2047	163.8998
33295346	2646175	1005	-0.30405
33295310	2646175	1004	9.399
8525379	747693	1005	26.8
8525366	747693	1004	0.55
13338566	747693	2047	117
13338461	747693	2048	103
24474215	2003586	2048	365.610744
24474214	2003586	2047	357.0648
24474213	2003586	1005	74.4462
24474075	2003586	1004	1.52
24474221	2003587	2048	340.5831
24474220	2003587	2047	363.679
24474219	2003587	1005	70.723
24474096	2003587	1004	2.543
24474227	2003588	2048	365.0310665
24474226	2003588	2047	356.5918
24474225	2003588	1005	73.82345
24474033	2003588	1004	1.597
24474233	2003589	2048	365.9569125
24474232	2003589	2047	357.81
24474231	2003589	1005	71.98575
24474054	2003589	1004	1.838
24474239	2003590	2048	47.231814
24474238	2003590	2047	48.3763
24474237	2003590	1005	11.3639625
24473988	2003590	1004	0.2863
24474246	2003591	2048	45.723
24474245	2003591	2047	47.225
24474244	2003591	1005	10.340625
24474016	2003591	1004	0.325
24474253	2003592	2048	64.513952
24474252	2003592	2047	66.1099
24474251	2003592	1005	15.6227875
24473932	2003592	1004	0.2875
24474260	2003593	2048	64.64055
24474259	2003593	2047	66.135
24474258	2003593	1005	15.84375
24473960	2003593	1004	0.265
24474267	2003594	2048	31.298775
24474266	2003594	2047	32.0925
24474265	2003594	1005	7.26375
24473876	2003594	1004	0.3375
24474274	2003595	2048	39.830778
24474273	2003595	2047	41.0921
24474272	2003595	1005	9.1021875
24473904	2003595	1004	0.2669
24474281	2003596	2048	19.92788125
24474280	2003596	2047	23.3075
24474279	2003596	1005	4.320625
24473820	2003596	1004	0.2875
24474288	2003597	2048	44.960839
24474287	2003597	2047	46.5063
24474286	2003597	1005	10.0124
24473848	2003597	1004	0.3563
24474296	2003598	2048	26.024813
24474295	2003598	2047	32.4385
24474293	2003598	1005	4.6583
24473767	2003598	1004	0.3117
24474303	2003599	2048	38.460412
24474302	2003599	2047	46.3951
24474300	2003599	1005	8.50065
24473789	2003599	1004	0.3075
2233034	324653	1004	0.43
2233035	324653	1005	1.99
13338492	324653	2047	14
13338394	324653	2048	12
24474310	2003600	2048	36.7150215
24474309	2003600	2047	44.4382
24474307	2003600	1005	8.141425
24473723	2003600	1004	0.245
24474317	2003601	2048	23.722638
24474316	2003601	2047	30.2035
24474314	2003601	1005	4.01455
24473745	2003601	1004	0.1967
24474324	2003602	2048	30.9734625
24474323	2003602	2047	37.615
24474321	2003602	1005	6.604375
24473679	2003602	1004	0.265
24474331	2003603	2048	32.995442
24474330	2003603	2047	39.8018
24474328	2003603	1005	6.7593
24473701	2003603	1004	0.4494
24474338	2003604	2048	31.236476
24474337	2003604	2047	39.2148
24474335	2003604	1005	5.7637
24473657	2003604	1004	0.24
2247787	328637	1008	408
2247800	328637	1003	23.3
8526272	747997	1005	2.36
8526268	747997	1004	0
13338551	747997	2047	52
13338453	747997	2048	55
2248933	328841	1003	11
2248903	328841	1008	84
2234311	324860	1085	47.9
2234280	324860	1005	22.3
2234279	324860	1004	51.1
13338509	324860	2047	639
13338411	324860	2048	597
33296841	2647437	2048	50.07437
33296840	2647437	2047	50.0015
33296837	2647437	1005	8.07675
33296677	2647437	1004	0.0875
33296848	2647438	2048	390.73759
33296847	2647438	2047	391.73
33296844	2647438	1005	1.8979
33296703	2647438	1004	32.63
33296855	2647439	2048	307.89587
33296854	2647439	2047	309.768
33296851	2647439	1005	8.1898
33296728	2647439	1004	23.86
33296862	2647440	2048	356.900072
33296861	2647440	2047	356.794
33296858	2647440	1005	2.45312
33296753	2647440	1004	28.13
33296869	2647441	2048	298.113882
33296868	2647441	2047	297.088
33296865	2647441	1005	2.40202
33296778	2647441	1004	22.1
33296876	2647442	2048	297.41686
33296875	2647442	2047	297.608
33296872	2647442	1005	2.9572
33296803	2647442	1004	23.36
33296883	2647443	2048	351.761072
33296882	2647443	2047	351.4
33296879	2647443	1005	2.72432
33296828	2647443	1004	27.24
8527182	748236	1005	1.02
8527177	748236	1004	28.8
13338532	748236	2047	328
13338434	748236	2048	334
2251263	329370	1003	23.7
2251279	329370	1008	298
2235088	325036	1005	12.4
2235087	325036	1004	28
2235194	325036	1085	24
13338519	325036	2047	420
13338421	325036	2048	420
2251660	329490	1008	575
2251649	329490	1003	48.1
2273114	335240	1004	3.55
2273221	335240	1085	2.98
2273115	335240	1005	43.1
13338561	335240	2047	254
2251947	329596	1003	15.6
2251952	329596	1008	296
2252277	329716	1003	34.2
2252282	329716	1008	654
2235803	325198	1004	30.6
2235829	325198	1085	27.6
2235804	325198	1005	5.27
13338517	325198	2047	368
13338419	325198	2048	366
2236073	325287	1004	0.7
2236074	325287	1005	7.59
13338512	325287	2047	39
13338414	325287	2048	37
2253847	330137	1008	61
2236433	325430	1004	0.27
2253784	330137	1003	10.3
2236396	325430	1005	10.1
13338504	325430	2047	46
13338406	325430	2048	42
2254371	330415	1008	83
2254406	330415	1003	8.06
2236791	325524	1005	17.1
2236790	325524	1004	56.1
2236870	325524	1085	52.1
13338508	325524	2047	657
13338410	325524	2048	612
2254843	330458	1008	833
2254832	330458	1003	0
27790251	2257044	2047	40.705
27790248	2257044	1005	2.996125
27790191	2257044	1004	1.957
27790257	2257045	2047	19.33
27790254	2257045	1005	0.67075
27790240	2257045	1004	1.558
27790263	2257046	2047	48.3298
27790260	2257046	1005	5.100325
27790136	2257046	1004	2.749
8530321	748967	1005	0.96
8530329	748967	1085	8.65
8530310	748967	1004	9.96
13338537	748967	2047	143
13338439	748967	2048	147
2238564	325871	1085	3.45
2238519	325871	1004	3.59
2238520	325871	1005	49.2
13338526	325871	2047	267
13338428	325871	2048	270
2259100	331897	1008	156
2259079	331897	1003	23.9
2259565	331960	1003	32.1
2259526	331960	1008	166
27791510	2258586	2048	44.978589
27791509	2258586	2047	47.9906
27791508	2258586	1005	10.26755
27791386	2258586	1004	0.3506
27791514	2258587	2048	38.250983
27791513	2258587	2047	40.7723
27791512	2258587	1005	9.0787
27791407	2258587	1004	0.1375
27791518	2258588	2048	19.692148
27791517	2258588	2047	22.9291
27791516	2258588	1005	4.7781
27791472	2258588	1004	0.1063
27791522	2258589	2048	26.58104025
27791521	2258589	2047	30.7743
27791520	2258589	1005	6.601725
27791494	2258589	1004	0.1211
27791526	2258590	2048	26.98843175
27791525	2258590	2047	31.3256
27791524	2258590	1005	6.653175
27791429	2258590	1004	0.1256
27791530	2258591	2048	27.38430325
27791529	2258591	2047	31.7404
27791528	2258591	1005	6.703125
27791451	2258591	1004	0.1556
2261075	332282	1003	1.41
2261049	332282	1008	45
2240315	326196	1005	5.3
2240314	326196	1004	1.21
13338487	326196	2047	44
13338389	326196	2048	36
2261743	332397	1008	106
2261732	332397	1003	16.7
27793272	2259792	2048	42.9180362
27793271	2259792	2047	42.835
27793268	2259792	1005	4.811522
2262323	332597	1008	57
27793176	2259792	1004	1.081
27793279	2259793	2048	77.3185458
27793278	2259793	2047	77.9524
27793275	2259793	1005	5.574928
27793213	2259793	1004	4.484
2262288	332597	1003	0.38
27793287	2259794	2048	94.507135
27793286	2259794	2047	93.6776
27793283	2259794	1005	4.75402
27793098	2259794	1004	4.394
27793295	2259795	2048	404.763418
27793294	2259795	2047	403.384
27793291	2259795	1005	4.33188
27793138	2259795	1004	29.5
2241020	326458	1085	0.33
2240945	326458	1004	0.47
2240988	326458	1005	7.92
27793303	2259796	2048	273.472498
27793302	2259796	2047	272.884
27793299	2259796	1005	5.58318
27793253	2259796	1004	19.08
2263143	332791	1008	130
2263121	332791	1003	1.15
2241765	326698	1085	3.76
2241720	326698	1005	5.3
2241719	326698	1004	3.38
13338496	326698	2047	69
13338398	326698	2048	61
2264179	333008	1008	430
2264158	333008	1003	5.79
2264831	333281	1003	0.84
2264833	333281	1008	18
2265346	333374	1008	74
2265357	333374	1003	16.3
2242730	327046	1005	14
2242664	327046	1004	0.44
13338502	327046	2047	64
13338404	327046	2048	58
2265908	333476	1008	56
27793985	2261420	2048	577.62536
27793984	2261420	2047	622.042
27793983	2261420	1005	16.24925
2265951	333476	1003	12.3
27793941	2261420	1004	50.23
27793989	2261421	2048	386.429275
27793988	2261421	2047	389.125
27793987	2261421	1005	69.91725
27793975	2261421	1004	6.309
27793993	2261422	2048	352.682197
27793992	2261422	2047	360.7805
27793991	2261422	1005	79.9422
27793926	2261422	1004	0.9513
2243545	327357	1005	9.18
2243611	327357	1085	0.13
2243547	327357	1004	0.28
13338503	327357	2047	43
13338405	327357	2048	39
27795962	2262072	2048	589.383006
27795961	2262072	2047	631.65
27795960	2262072	1005	22.70376
27795898	2262072	1004	49.43
27795966	2262073	2048	648.374268
27795965	2262073	2047	697.1376
27795964	2262073	1005	14.179
27795953	2262073	1004	62.4
27795970	2262074	2048	602.510076
27795969	2262074	2047	645.456
27795968	2262074	1005	21.23666
27795789	2262074	1004	53.04
27795974	2262075	2048	514.44343
27795973	2262075	2047	545.084
27795972	2262075	1005	34.3551
27795842	2262075	1004	37.28
2243958	327501	1004	0.15
2243979	327501	1005	11.8
2268170	334194	1003	19
8535575	749420	1005	2.1
8535574	749420	1085	34.6
2268127	334194	1008	90
8535542	749420	1004	36.5
13338567	749420	2047	501
13338462	749420	2048	512
9636110	789890	1005	77.3
9636109	789890	1004	1.48
13338568	789890	2047	366
13338463	789890	2048	375
9636244	789951	1005	73.2
9636243	789951	1004	1.48
13338569	789951	2047	359
13338464	789951	2048	367
9636392	790018	1004	1.7
9636393	790018	1005	74.6
13338570	790018	2047	362
13338465	790018	2048	370
9636544	790085	1005	71.2
9636543	790085	1004	2.73
13338571	790085	2047	370
13338466	790085	2048	346
9636705	790146	1004	1.65
9636706	790146	1005	72.8
13338572	790146	2047	363
13338467	790146	2048	372
9636844	790214	1004	1.3
9636845	790214	1005	79.8
13338573	790214	2047	359
13338468	790214	2048	369
9637020	790276	1005	80.8
9636993	790276	1004	1.74
13338574	790276	2047	364
13338469	790276	2048	372
2273153	335240	1003	12.3
2273116	335240	1008	254
9638545	790577	1005	9.93
9638542	790577	1004	0.1
13338575	790577	2047	44
13338470	790577	2048	42
9638712	790646	1004	0.05
9638715	790646	1005	8.61
13338576	790646	2047	38
13338471	790646	2048	36
28912756	2346384	2048	104.574374
28912755	2346384	2047	102.921
28912753	2346384	1005	4.59964
28912422	2346384	1004	4.225
28912761	2346385	2048	336.73206
28912760	2346385	2047	342.794
28912758	2346385	1005	4.55615
28912394	2346385	1004	33.49
28912766	2346386	2048	335.8933226
28912765	2346386	2047	343.31
28912763	2346386	1005	3.799506
28912366	2346386	1004	35.56
28912771	2346387	2048	192.7437716
28912770	2346387	2047	196.4148
28912768	2346387	1005	5.555506
28912338	2346387	1004	17.99
28912775	2346388	2048	14.455425
28912487	2346388	1004	0.07375
28912773	2346388	1005	3.36875
28912774	2346388	2047	17.10875
28912779	2346389	2048	17.45834025
28912471	2346389	1004	0.07125
28912777	2346389	1005	4.055575
28912778	2346389	2047	20.77105
28912783	2346390	2048	14.68480875
28912782	2346390	2047	17.5315
28912455	2346390	1004	0.1063
28912781	2346390	1005	3.260575
28912787	2346391	2048	18.4931365
28912786	2346391	2047	22.0463
28912438	2346391	1004	0.1563
28912785	2346391	1005	4.06615
28912791	2346392	2048	642.99228
28912790	2346392	2047	688.614
28912789	2346392	1005	18.5921
28912637	2346392	1004	61.27
28912795	2346393	2048	583.597022
28912794	2346393	2047	625.75
28912793	2346393	1005	20.03462
28912599	2346393	1004	51.09
28912799	2346394	2048	678.66434
28912798	2346394	2047	729.556
28912797	2346394	1005	10.9096
28912561	2346394	1004	69.74
28912803	2346395	2048	699.59644
28912802	2346395	2047	750.152
28912801	2346395	1005	12.6993
28912523	2346395	1004	73.28
13335660	1104647	1004	0.38
13335663	1104647	1005	28.2
13338480	1104647	2048	130
13338585	1104647	2047	143
28912807	2346396	2048	378.866123
28912806	2346396	2047	381.626
28912805	2346396	1005	68.65755
28912746	2346396	1004	5.89
28912811	2346397	2048	379.2080612
28912810	2346397	2047	381.248
28912809	2346397	1005	69.75082
28912721	2346397	1004	5.8
28912815	2346398	2048	54.046596
28912814	2346398	2047	60.1113
28912813	2346398	1005	14.0914625
28912693	2346398	1004	0.2113
28912820	2346399	2048	63.290775
28912819	2346399	2047	70.5425
28912818	2346399	1005	16.163125
28912665	2346399	1004	0.1925
28912825	2346400	2048	33.5679465
28912824	2346400	2047	39.9998
28912823	2346400	1005	7.41245
28912071	2346400	1004	0.275
28912830	2346401	2048	80.9523625
28912829	2346401	2047	83.42
28912828	2346401	1005	17.77125
28912053	2346401	1004	0.36
28912835	2346402	2048	73.373425
28912834	2346402	2047	75.5575
28912833	2346402	1005	16.27
28912026	2346402	1004	0.2475
28912840	2346403	2048	71.575228
28912839	2346403	2047	73.4738
28912838	2346403	1005	15.9624
28911999	2346403	1004	0.2638
28912845	2346404	2048	77.35727375
28912844	2346404	2047	78.999
28912843	2346404	1005	17.327875
28912150	2346404	1004	0.375
28912850	2346405	2048	14.83215875
28912125	2346405	1004	0.1625
28912848	2346405	1005	3.3165125
28912849	2346405	2047	16.6973
28912110	2346406	1004	0.1775
13335866	1104705	1005	32.9
13335864	1104705	1004	3.33
13338582	1104705	2047	366
13338477	1104705	2048	339
28912852	2346406	1005	2.9525
28912853	2346406	2047	15.9075
28912854	2346406	2048	13.934925
28912858	2346407	2048	27.8695
2247872	328637	1085	29
2247786	328637	1005	2.44
2247826	328637	1004	34
13338518	328637	2047	409
13338420	328637	2048	408
28912095	2346407	1004	0.2275
28912856	2346407	1005	6.38375
28912857	2346407	2047	31.4275
28912862	2346408	2048	29.943836
28912242	2346408	1004	0.2138
28912860	2346408	1005	6.7899
28912861	2346408	2047	34.0538
13336132	1104766	1005	27.9
13336136	1104766	1004	20.7
13338583	1104766	2047	452
13338478	1104766	2048	421
13336281	1104812	1005	75.5
13336280	1104812	1004	3.85
13338580	1104812	2047	365
13338475	1104812	2048	368
13336410	1104867	1004	1.16
13336426	1104867	1005	80.1
13338581	1104867	2047	358
13338476	1104867	2048	368
13336528	1104913	1004	1.64
13336544	1104913	1005	77.2
13338579	1104913	2047	359
13338474	1104913	2048	367
13336681	1104962	1004	0.13
13336696	1104962	1005	7.68
13338584	1104962	2047	36
13338479	1104962	2048	33
2248982	328841	1085	1.87
2248901	328841	1004	2.3
2248902	328841	1005	4.31
13338535	328841	2047	82
13338437	328841	2048	84
2251278	329370	1005	4.44
2251336	329370	1085	17.8
2251277	329370	1004	20.4
13338525	329370	2047	296
13338427	329370	2048	298
2251652	329490	1004	39.8
2251653	329490	1005	1.87
13338539	329490	2047	558
13338441	329490	2048	576
2251945	329596	1005	0.59
2251944	329596	1004	25.1
13338534	329596	2047	291
13338436	329596	2048	297
2252276	329716	1005	1.07
2252275	329716	1004	55.5
13338533	329716	2047	641
13338435	329716	2048	654
2253845	330137	1004	0.37
2253846	330137	1005	3.64
2253907	330137	1085	0.17
13338542	330137	2047	59
13338444	330137	2048	61
2254369	330415	1004	0.15
2254370	330415	1005	12.2
2254471	330415	1085	0.15
13338527	330415	2047	82
13338429	330415	2048	83
8514412	746764	1008	37
8514381	746764	1003	0.81
2254891	330458	1085	90.5
2254870	330458	1005	0.84
2254841	330458	1004	99.1
13338506	330458	2047	895
13338408	330458	2048	833
8515054	746771	1003	0.91
8515095	746771	1008	47
8515260	746773	1003	0.38
8515295	746773	1008	57
8518379	746952	1008	121
8518363	746952	1003	19.6
8523957	747429	1008	375
8523941	747429	1003	17.5
8525378	747693	1003	1.11
8525380	747693	1008	117
8526271	747997	1008	55
8526265	747997	1003	10.7
8527179	748236	1003	16.2
8527183	748236	1008	334
8530288	748967	1003	12.4
8530276	748967	1008	148
8535576	749420	1008	500
8535560	749420	1003	40.9
9636111	789890	1008	366
9636105	789890	1003	10.9
9636252	789951	1003	13.1
9636245	789951	1008	358
9636394	790018	1008	362
9636411	790018	1003	12
9636545	790085	1008	370
9636553	790085	1003	15.1
9636689	790146	1003	14.3
9636707	790146	1008	363
9636846	790214	1008	359
9636848	790214	1003	6.94
9637019	790276	1003	6.2
9637021	790276	1008	364
9638546	790577	1008	44
9638540	790577	1003	0.94
9638710	790646	1003	0.83
9638716	790646	1008	38
13335662	1104647	1003	6.62
13335664	1104647	1008	143
13335867	1104705	1008	366
13335869	1104705	1003	51.1
13336133	1104766	1008	452
13336134	1104766	1003	38.6
13336276	1104812	1003	7.19
13336282	1104812	1008	365.25
13336425	1104867	1003	6.69
13336427	1104867	1008	358
13336545	1104913	1008	358
13336543	1104913	1003	8.75
13336697	1104962	1008	35
13336695	1104962	1003	0.89
24474212	2003586	1003	11.4
24474218	2003587	1003	14.475
24474224	2003588	1003	11.73125
24474230	2003589	1003	13.33125
24474236	2003590	1003	0.0859375
24474243	2003591	1003	0.734375
24474250	2003592	1003	0.2578125
24474257	2003593	1003	0.09375
24474264	2003594	1003	0
24474271	2003595	1003	0.5703125
24474278	2003596	1003	0.859375
24474285	2003597	1003	0.8125
24474292	2003598	1003	2.75
24474299	2003599	1003	2.40625
24474306	2003600	1003	2.416875
24474313	2003601	1003	3.09375
24474320	2003602	1003	2.203125
24474327	2003603	1003	2.18
24474334	2003604	1003	3.5
27790247	2257044	1003	2.776875
27790253	2257045	1003	0.65625
27790259	2257046	1003	0.796875
27791507	2258586	1003	0.94125
27791511	2258587	1003	0.805
27791515	2258588	1003	0.715
27791519	2258589	1003	0.819375
27791523	2258590	1003	0.895625
27791527	2258591	1003	0.881875
27793267	2259792	1003	3.464978
27793274	2259793	1003	3.824172
27793282	2259794	1003	8.77888
27793290	2259795	1003	30.13912
27793298	2259796	1003	19.70782
27793982	2261420	1003	26.24375
27793986	2261421	1003	13.16875
27793990	2261422	1003	8.1125
27795959	2262072	1003	23.99124
27795963	2262073	1003	19.7054
27795967	2262074	1003	20.78734
27795971	2262075	1003	18.0359
28912752	2346384	1003	11.62436
28912757	2346385	1003	5.78985
28912762	2346386	1003	2.017994
28912767	2346387	1003	3.070694
28912772	2346388	1003	0.7425
28912776	2346389	1003	0.976875
28912780	2346390	1003	0.883125
28912784	2346391	1003	1.09375
28912788	2346392	1003	15.7039
28912792	2346393	1003	21.45038
28912796	2346394	1003	14.5644
28912800	2346395	1003	9.9587
28912804	2346396	1003	13.49645
28912808	2346397	1003	12.51118
28912812	2346398	1003	0.4609375
28912817	2346399	1003	1.039375
28912822	2346400	1003	1.96875
28912827	2346401	1003	2.27375
28912832	2346402	1003	2.0625
28912837	2346403	1003	1.8125
28912842	2346404	1003	1.578125
28912847	2346405	1003	0.4921875
28912851	2346406	1003	0.625
28912855	2346407	1003	0.96125
28912859	2346408	1003	1.2425
31222702	2512371	1003	13.2093
31222706	2512372	1003	11.92235
31222710	2512373	1003	8.27277
31222714	2512374	1003	8.88492
31222718	2512375	1003	8.3952
31222722	2512376	1003	8.72168
31222726	2512377	1003	0.918225
31222730	2512378	1003	11.06534
31222734	2512379	1003	10.02177
31222738	2512380	1003	7.25305
31222742	2512381	1003	7.03885
31223362	2514743	1003	18.15625
31223366	2514744	1003	17.53125
31223370	2514745	1003	17.80625
31223374	2514746	1003	17.9125
31223378	2514747	1003	17.34375
31224741	2515373	1003	15.03684
31224745	2515374	1003	17.4423
31224749	2515375	1003	13.4938
31224753	2515376	1003	23.205
31224757	2515377	1003	5.28675
31224761	2515378	1003	7.7857
31224765	2515379	1003	20.5057
31224769	2515380	1003	29.9079
31224773	2515381	1003	18.8733
31224777	2515382	1003	16.1385
33293985	2644281	1003	21.5625
33293989	2644282	1003	21.275
33293993	2644283	1003	23.56875
33293997	2644284	1003	21.225
33294001	2644285	1003	6.9125
33294005	2644286	1003	6.56875
33294009	2644287	1003	7.4125
33294013	2644288	1003	7.01875
33294017	2644289	1003	7.8
33294021	2644290	1003	7.30625
33294025	2644291	1003	4.734375
33294029	2644292	1003	6.69375
33294033	2644293	1003	6.925
33294037	2644294	1003	7.03125
33295317	2646168	1003	21.11875
33295321	2646169	1003	21.58125
33295325	2646170	1003	22.525
33295329	2646171	1003	18.6125
33295333	2646172	1003	18.74375
33295337	2646173	1003	21.475
33295341	2646174	1003	18.4
33295345	2646175	1003	20.13125
33296836	2647437	1003	4.22675
33296843	2647438	1003	22.6171
33296850	2647439	1003	15.5672
33296857	2647440	1003	23.45288
33296864	2647441	1003	22.14498
33296871	2647442	1003	18.8848
33296878	2647443	1003	23.83568
\.


--
-- Data for Name: nutrient; Type: TABLE DATA; Schema: foods; Owner: postgres
--

COPY foods.nutrient (id, name, unit_name) FROM stdin;
1003	Protein	G
1008	Energy	KCAL
2047	Energy (Atwater General Factors)	KCAL
2048	Energy (Atwater Specific Factors)	KCAL
1004	Total lipid (fat)	G
1005	Carbohydrate, by difference	G
1085	Total fat (NLEA)	G
\.


--
-- Name: food pk_food; Type: CONSTRAINT; Schema: foods; Owner: postgres
--

ALTER TABLE ONLY foods.food
    ADD CONSTRAINT pk_food PRIMARY KEY (fdc_id);


--
-- Name: food_nutrient pk_food_nutrient; Type: CONSTRAINT; Schema: foods; Owner: postgres
--

ALTER TABLE ONLY foods.food_nutrient
    ADD CONSTRAINT pk_food_nutrient PRIMARY KEY (id);


--
-- Name: nutrient pk_nutrient; Type: CONSTRAINT; Schema: foods; Owner: postgres
--

ALTER TABLE ONLY foods.nutrient
    ADD CONSTRAINT pk_nutrient PRIMARY KEY (id);


--
-- Name: food_nutrient fk_food_nutrient_food; Type: FK CONSTRAINT; Schema: foods; Owner: postgres
--

ALTER TABLE ONLY foods.food_nutrient
    ADD CONSTRAINT fk_food_nutrient_food FOREIGN KEY (fdc_id) REFERENCES foods.food(fdc_id);


--
-- Name: food_nutrient fk_food_nutrient_nutrient; Type: FK CONSTRAINT; Schema: foods; Owner: postgres
--

ALTER TABLE ONLY foods.food_nutrient
    ADD CONSTRAINT fk_food_nutrient_nutrient FOREIGN KEY (nutrient_id) REFERENCES foods.nutrient(id);


--
-- PostgreSQL database dump complete
--

